"nct_id";"start_date";"is_prospective";"start_year";"affiliation"
"NCT02410902";"2015-05-31";TRUE;"2015";"UCSF"
"NCT02267642";"2015-01-31";TRUE;"2015";"Stanford"
"NCT02074579";"2014-07-31";TRUE;"2014";"UCLA"
"NCT01894958";"2014-01-31";TRUE;"2014";NA
"NCT01804829";"2013-06-30";TRUE;"2013";"UCSF"
"NCT00288080";"2005-12-31";FALSE;"2005";"UCD"
"NCT02723227";"2016-03-31";TRUE;"2016";"UCLA"
"NCT02723318";"2016-03-31";TRUE;"2016";"UCLA"
"NCT02722005";"2016-03-31";TRUE;"2016";"UCLA"
"NCT02852226";"2016-05-31";TRUE;"2016";"UCSF"
"NCT02850770";"2015-04-30";FALSE;"2015";"USC"
"NCT01400269";"2010-09-30";FALSE;"2010";"Stanford"
"NCT02831023";"2016-07-31";TRUE;"2016";"UCSF"
"NCT02827630";"2015-05-31";FALSE;"2015";"Stanford"
"NCT02812914";"2016-04-30";FALSE;"2016";"UCSF"
"NCT02805075";"2016-06-30";TRUE;"2016";"Stanford"
"NCT02804490";"2016-03-31";FALSE;"2016";"UCD"
"NCT02770144";"2016-03-31";TRUE;"2016";"UCLA"
"NCT02753426";"2016-04-30";TRUE;"2016";"UCSF"
"NCT02752646";"2016-04-30";TRUE;"2016";"UCLA"
"NCT02749786";"2016-01-21";FALSE;"2016";"Stanford"
"NCT02745405";"2014-04-30";FALSE;"2014";"UCLA"
"NCT02735356";"2016-05-05";TRUE;"2016";"Stanford"
"NCT02728700";"2016-02-29";FALSE;"2016";"Stanford"
"NCT03861624";"2015-12-17";FALSE;"2015";"UCSF"
"NCT02264977";"2015-04-30";TRUE;"2015";"Stanford"
"NCT02021812";"2014-01-31";TRUE;"2014";"Stanford"
"NCT01924260";"2013-08-09";TRUE;"2013";"UCD"
"NCT01327651";"2011-08-31";TRUE;"2011";"UCSF"
"NCT01639079";"2012-06-30";FALSE;"2012";"UCSF"
"NCT01642719";"2012-07-01";TRUE;"2012";"UCLA"
"NCT01642836";"2012-07-13";TRUE;"2012";"Stanford"
"NCT01646463";"2011-01-31";FALSE;"2011";"UCSF"
"NCT01649258";"2012-09-04";TRUE;"2012";"USC"
"NCT03868644";"2009-02-01";FALSE;"2009";"Stanford"
"NCT02719730";"2016-06-22";TRUE;"2016";"UCSF"
"NCT01670175";"2012-08-31";TRUE;"2012";"UCSF"
"NCT01671501";"2013-03-31";TRUE;"2013";"UCSF"
"NCT01671514";"2012-07-31";FALSE;"2012";"UCSD"
"NCT01674231";"2012-08-31";TRUE;"2012";"UCD"
"NCT01683643";"2012-04-30";FALSE;"2012";"UCLA"
"NCT01683747";"2012-06-30";FALSE;"2012";"UCSD"
"NCT01684657";"2012-09-30";TRUE;"2012";"UCI"
"NCT01686178";"2012-09-30";TRUE;"2012";"UCSF"
"NCT01686724";"2012-09-30";TRUE;"2012";"UCSF"
"NCT01687634";"2012-10-31";TRUE;"2012";"UCLA"
"NCT01693874";"2011-10-31";FALSE;"2011";"UCSD"
"NCT03862443";"2017-05-10";FALSE;"2017";"UCLA, UCSF"
"NCT03828604";"2017-05-12";FALSE;"2017";"UCLA"
"NCT02714972";"2016-05-31";TRUE;"2016";"Stanford"
"NCT00375830";"2006-01-31";FALSE;"2006";"Stanford"
"NCT03713840";"2013-08-15";FALSE;"2013";"UCSF"
"NCT02708511";"2016-08-31";TRUE;"2016";"Stanford"
"NCT03982459";"2015-02-01";FALSE;"2015";"UCSF"
"NCT00279630";"2002-06-30";FALSE;"2002";"USC"
"NCT01698047";"2012-10-31";TRUE;"2012";"UCLA"
"NCT03550144";"2016-12-05";FALSE;"2016";"UCSF"
"NCT01704105";"2012-11-30";TRUE;"2012";"UCD"
"NCT01163487";"2010-08-31";TRUE;"2010";"Stanford"
"NCT01595581";"2012-04-30";FALSE;"2012";"USC"
"NCT02428647";"2015-09-30";TRUE;"2015";"UCD"
"NCT01781637";"2013-01-31";TRUE;"2013";"Stanford"
"NCT02861352";"2011-03-31";FALSE;"2011";"UCSF"
"NCT00442286";"2006-10-31";FALSE;"2006";"USC"
"NCT00451204";"2007-03-31";TRUE;"2007";"UCLA"
"NCT00458393";"2007-06-30";TRUE;"2007";"UCSF"
"NCT00470548";"2007-04-30";FALSE;"2007";"UCD"
"NCT00481832";"2007-01-31";FALSE;"2007";"Stanford"
"NCT00488982";"2007-04-30";FALSE;"2007";"UCSF"
"NCT00490529";"2009-08-31";TRUE;"2009";"Stanford"
"NCT00747435";"2007-02-28";FALSE;"2007";"Stanford"
"NCT00499616";"2007-10-08";TRUE;"2007";"Stanford"
"NCT00505362";"2006-06-30";FALSE;"2006";"Stanford"
"NCT03681171";"2016-06-25";FALSE;"2016";"UCI"
"NCT01555541";"2012-05-25";TRUE;"2012";"UCSF"
"NCT01067144";"2010-05-31";TRUE;"2010";"Stanford"
"NCT00552071";"2007-07-31";FALSE;"2007";"USC"
"NCT00556946";"2005-08-31";FALSE;"2005";"UCI"
"NCT03645083";"2017-02-20";FALSE;"2017";"USC"
"NCT00568633";"2007-08-31";FALSE;"2007";"Stanford"
"NCT00751101";"2007-08-20";FALSE;"2007";"UCSF"
"NCT00572117";"2007-08-31";FALSE;"2007";"Stanford"
"NCT02976220";"2016-11-30";TRUE;"2016";"UCSF"
"NCT00614744";"2008-04-30";TRUE;"2008";"Stanford, UCLA"
"NCT00632827";"2008-07-01";TRUE;"2008";"UCSF"
"NCT00766116";"2005-07-31";FALSE;"2005";"UCSD"
"NCT00661193";"2008-12-31";TRUE;"2008";"UCD"
"NCT02480257";"2014-01-31";FALSE;"2014";"UCSF"
"NCT00767624";"2008-12-31";TRUE;"2008";"Stanford"
"NCT01838499";"2013-05-31";TRUE;"2013";"UCSD"
"NCT00773604";"2008-06-30";FALSE;"2008";"UCSF"
"NCT00777049";"2009-02-28";TRUE;"2009";"UCLA"
"NCT00780494";"2009-02-28";TRUE;"2009";"Stanford"
"NCT00794508";"2008-11-30";TRUE;"2008";"UCLA"
"NCT01708785";"2012-10-31";TRUE;"2012";"UCSD"
"NCT00814788";"2008-12-31";TRUE;"2008";"UCD"
"NCT01841619";"2013-03-31";FALSE;"2013";"UCI"
"NCT01709773";"2013-01-17";TRUE;"2013";"UCSF"
"NCT00823459";"2009-01-23";TRUE;"2009";"UCSF"
"NCT00842764";"2009-01-31";FALSE;"2009";"UCI"
"NCT00850135";"2009-02-28";TRUE;"2009";"Stanford"
"NCT01846624";"2013-06-30";TRUE;"2013";"Stanford"
"NCT01846741";"2013-07-31";TRUE;"2013";"Stanford"
"NCT02446821";"2015-06-30";TRUE;"2015";"UCLA"
"NCT00871715";"2009-06-30";TRUE;"2009";"USC"
"NCT00883129";"2009-09-30";TRUE;"2009";"UCLA"
"NCT00895310";"2009-05-31";TRUE;"2009";"UCD"
"NCT00899847";"2009-05-31";TRUE;"2009";"Stanford"
"NCT00905060";"2009-06-29";TRUE;"2009";"UCSF"
"NCT01715038";"2011-10-31";FALSE;"2011";"UCD"
"NCT02715115";"2016-03-31";TRUE;"2016";"UCSD, UCSF"
"NCT00915031";"2009-08-31";TRUE;"2009";"UCI"
"NCT01535508";"2012-02-29";TRUE;"2012";"UCSF"
"NCT01478178";"2011-10-31";FALSE;"2011";"UCSF"
"NCT00928564";"2009-04-30";FALSE;"2009";"UCI"
"NCT00931489";"2009-08-31";TRUE;"2009";"UCD"
"NCT01852032";"2010-11-30";FALSE;"2010";"UCD"
"NCT01221246";"2011-03-08";TRUE;"2011";"UCLA"
"NCT00948896";"2010-06-30";TRUE;"2010";"UCSF"
"NCT00958217";"2009-12-31";TRUE;"2009";"UCSD"
"NCT00955968";"2010-01-01";TRUE;"2010";"UCLA"
"NCT00956085";"2009-08-31";TRUE;"2009";"Stanford"
"NCT00957229";"2009-08-31";TRUE;"2009";"UCSF"
"NCT00981435";"2009-09-30";TRUE;"2009";"Stanford"
"NCT00991302";"2010-01-31";TRUE;"2010";"UCSD"
"NCT00997035";"2010-05-31";TRUE;"2010";"UCSF"
"NCT00998010";"2011-10-03";TRUE;"2011";"UCLA"
"NCT01009918";"2010-03-31";TRUE;"2010";"UCSF"
"NCT01011218";"2011-01-31";TRUE;"2011";"Stanford"
"NCT01012713";"2010-06-30";TRUE;"2010";"UCSF"
"NCT01020812";"2009-09-30";FALSE;"2009";"Stanford"
"NCT01720641";"2012-08-31";FALSE;"2012";"UCLA"
"NCT01720654";"2012-08-31";FALSE;"2012";"UCLA"
"NCT01721668";"2012-11-30";TRUE;"2012";"Stanford"
"NCT00787059";"2010-07-31";TRUE;"2010";"UCSD"
"NCT02694731";"2016-02-29";TRUE;"2016";"UCSF"
"NCT01027884";"2009-07-31";FALSE;"2009";"UCD"
"NCT01036009";"2009-10-31";FALSE;"2009";"UCSF"
"NCT01723410";"2013-01-31";TRUE;"2013";"UCLA"
"NCT01050647";"2010-02-28";TRUE;"2010";"Stanford"
"NCT01723917";"2012-07-31";FALSE;"2012";"USC"
"NCT01055028";"2010-02-28";TRUE;"2010";"Stanford"
"NCT01724047";"2012-11-30";TRUE;"2012";"UCLA"
"NCT01061671";"2010-03-31";TRUE;"2010";"UCLA"
"NCT01062009";"2008-11-30";FALSE;"2008";"UCSF"
"NCT01062568";"2010-02-28";TRUE;"2010";"UCSD"
"NCT00329706";"2006-06-30";TRUE;"2006";"UCLA"
"NCT02687633";"2015-09-30";FALSE;"2015";"UCLA"
"NCT00501709";"2007-02-28";FALSE;"2007";"UCSF"
"NCT02687256";"2016-03-31";TRUE;"2016";"Stanford"
"NCT01893346";"2013-07-31";TRUE;"2013";"UCSD"
"NCT00352326";"2006-01-31";FALSE;"2006";"Stanford, USC"
"NCT00352599";"2009-09-30";TRUE;"2009";"UCLA"
"NCT01893879";"2014-04-30";TRUE;"2014";"Stanford"
"NCT01078363";"2009-06-30";FALSE;"2009";"Stanford"
"NCT01080794";"2010-05-31";TRUE;"2010";"UCLA"
"NCT01083628";"2014-01-31";TRUE;"2014";"UCSF"
"NCT01860807";"2013-07-31";TRUE;"2013";"UCLA"
"NCT01098422";"2010-01-31";FALSE;"2010";"UCSD"
"NCT01862991";"2013-07-31";TRUE;"2013";"Stanford"
"NCT01116661";"2010-08-31";TRUE;"2010";"UCSF"
"NCT01116921";"2011-02-28";TRUE;"2011";"UCSD"
"NCT01120639";"2010-04-30";FALSE;"2010";"Stanford"
"NCT01123161";"2010-06-30";TRUE;"2010";"UCSD"
"NCT01728909";"2012-05-31";FALSE;"2012";"UCSF"
"NCT01728961";"2012-02-29";FALSE;"2012";"UCSF"
"NCT01729273";"2012-07-31";FALSE;"2012";"Stanford"
"NCT01729416";"2014-02-28";TRUE;"2014";"UCD"
"NCT02675101";"2016-03-31";TRUE;"2016";"UCSD"
"NCT01129440";"2011-06-30";TRUE;"2011";"UCLA, UCSF"
"NCT01866423";"2013-10-25";TRUE;"2013";"USC"
"NCT02671734";"2014-06-30";FALSE;"2014";"UCSD"
"NCT01743820";"2013-09-30";TRUE;"2013";"UCSF"
"NCT01745354";"2012-08-31";FALSE;"2012";"Stanford"
"NCT01868503";"2013-07-31";TRUE;"2013";"Stanford"
"NCT01154192";"2011-08-31";TRUE;"2011";"UCSD"
"NCT01155011";"2011-01-31";TRUE;"2011";"UCSD"
"NCT01155141";"2009-09-30";FALSE;"2009";"Stanford"
"NCT01749358";"2012-03-31";FALSE;"2012";"USC"
"NCT01162239";"2010-05-31";FALSE;"2010";"UCSF"
"NCT01869699";"2013-09-30";TRUE;"2013";"UCSF"
"NCT01751685";"2013-02-01";TRUE;"2013";"UCSF"
"NCT01751698";"2013-01-31";TRUE;"2013";"UCLA"
"NCT01871090";"2013-09-30";TRUE;"2013";"UCLA"
"NCT01199575";"2010-08-31";TRUE;"2010";"UCSD"
"NCT01209325";"2011-06-28";TRUE;"2011";"UCSF"
"NCT01210664";"2010-11-30";TRUE;"2010";"UCSF"
"NCT01213082";"2010-09-30";TRUE;"2010";"UCD"
"NCT01216319";"2011-09-30";TRUE;"2011";"Stanford"
"NCT03526081";"2015-01-20";FALSE;"2015";"UCD"
"NCT01238172";"2011-01-31";TRUE;"2011";"UCSD"
"NCT01238575";"2011-12-31";TRUE;"2011";"UCLA"
"NCT01245595";"2010-11-30";TRUE;"2010";"Stanford"
"NCT01248065";"2011-04-30";TRUE;"2011";"UCSF"
"NCT01755962";"2012-04-30";FALSE;"2012";"UCLA"
"NCT01756651";"2013-02-28";TRUE;"2013";"UCLA"
"NCT01270620";"2010-12-31";TRUE;"2010";"Stanford"
"NCT01272635";"2011-03-31";TRUE;"2011";"UCSF"
"NCT01276236";"2011-03-09";TRUE;"2011";"UCSF"
"NCT01280812";"2011-02-28";TRUE;"2011";"UCSF"
"NCT01281475";"2011-01-31";TRUE;"2011";"UCSF"
"NCT01286259";"2011-01-31";TRUE;"2011";"UCSF"
"NCT01288807";"2011-02-28";TRUE;"2011";"UCSD"
"NCT01289275";"2011-08-31";TRUE;"2011";"UCSD"
"NCT01290523";"2010-05-31";FALSE;"2010";"UCSF"
"NCT01291277";"2008-08-31";FALSE;"2008";"USC"
"NCT01292252";"2011-08-31";TRUE;"2011";"UCSF"
"NCT01294306";"2011-02-28";TRUE;"2011";"UCD"
"NCT01297959";"2013-01-10";TRUE;"2013";"UCI"
"NCT01305252";"2010-07-31";FALSE;"2010";"Stanford"
"NCT01313884";"2011-05-31";TRUE;"2011";"Stanford"
"NCT01313936";"2011-03-31";TRUE;"2011";"UCSF"
"NCT01316510";"2011-03-31";TRUE;"2011";"UCD"
"NCT01317277";"2011-04-30";TRUE;"2011";"UCSD"
"NCT01327274";"2011-12-31";TRUE;"2011";"UCSF"
"NCT01330043";"2010-03-31";FALSE;"2010";"Stanford"
"NCT03513965";"2017-01-05";FALSE;"2017";"Stanford"
"NCT01336803";"2011-08-31";TRUE;"2011";"Stanford"
"NCT01355705";"2011-08-31";TRUE;"2011";"Stanford"
"NCT01364259";"2008-09-30";FALSE;"2008";"Stanford"
"NCT01364727";"2011-06-30";TRUE;"2011";"Stanford"
"NCT01365793";"2010-11-30";FALSE;"2010";"UCD"
"NCT01365819";"2012-02-29";TRUE;"2012";"UCLA"
"NCT01759979";"2013-01-31";TRUE;"2013";"USC"
"NCT01373918";"2010-12-31";FALSE;"2010";"UCLA"
"NCT01383161";"2012-03-31";TRUE;"2012";"UCLA"
"NCT01383174";"2011-02-28";FALSE;"2011";"UCSF"
"NCT01762553";"2011-05-31";FALSE;"2011";"UCLA"
"NCT01761539";"2013-04-30";TRUE;"2013";"USC"
"NCT01390077";"2011-01-31";FALSE;"2011";"UCSD"
"NCT01390584";"2012-04-02";TRUE;"2012";"Stanford"
"NCT01392989";"2011-03-31";FALSE;"2011";"Stanford"
"NCT01762410";"2012-09-30";FALSE;"2012";"USC"
"NCT01396070";"2011-05-31";FALSE;"2011";"Stanford"
"NCT01402544";"2011-07-31";TRUE;"2011";"UCSD"
"NCT01764698";"2013-11-15";TRUE;"2013";"UCLA, USC"
"NCT01406795";"2010-12-31";FALSE;"2010";"Stanford"
"NCT01766674";"2013-02-01";TRUE;"2013";"UCSF"
"NCT01413516";"2011-08-31";TRUE;"2011";"Stanford"
"NCT01771705";"2013-05-02";TRUE;"2013";"UCSF"
"NCT01772485";"2013-01-31";TRUE;"2013";"UCSF"
"NCT01772680";"2012-11-30";FALSE;"2012";"UCSF"
"NCT01773447";"2011-08-31";FALSE;"2011";"UCD"
"NCT01773746";"2013-08-31";TRUE;"2013";"UCSD"
"NCT01429454";"2011-08-31";TRUE;"2011";"UCSD"
"NCT01442714";"2011-08-31";FALSE;"2011";"Stanford"
"NCT01449279";"2011-10-31";TRUE;"2011";"Stanford"
"NCT01454947";"2011-08-31";TRUE;"2011";"USC"
"NCT01461473";"2011-12-31";TRUE;"2011";"Stanford"
"NCT01461707";"2012-10-31";TRUE;"2012";"UCSF"
"NCT01779336";"2012-12-31";FALSE;"2012";"USC"
"NCT01466972";"2012-04-27";TRUE;"2012";"UCSF"
"NCT01471028";"2013-02-28";TRUE;"2013";"Stanford, UCSD, USC"
"NCT01472445";"2011-11-30";TRUE;"2011";"Stanford"
"NCT01474746";"2012-01-31";TRUE;"2012";"UCD"
"NCT01477463";"2012-09-30";TRUE;"2012";"Stanford"
"NCT01479478";"2011-11-30";TRUE;"2011";"Stanford"
"NCT01502306";"2012-06-30";TRUE;"2012";"UCSD"
"NCT01502761";"2012-03-31";TRUE;"2012";"UCLA, USC"
"NCT01505179";"2011-02-28";FALSE;"2011";"UCSD"
"NCT01506726";"2012-03-31";TRUE;"2012";"Stanford"
"NCT01534910";"2012-05-31";TRUE;"2012";"UCLA"
"NCT01535235";"2012-02-29";TRUE;"2012";"UCSF"
"NCT01537133";"2012-10-31";TRUE;"2012";"UCSF"
"NCT01549652";"2011-04-30";FALSE;"2011";"Stanford"
"NCT01550224";"2013-05-01";TRUE;"2013";"Stanford"
"NCT01552213";"2012-03-31";TRUE;"2012";"Stanford"
"NCT01554241";"2012-09-30";TRUE;"2012";"UCSF"
"NCT01559857";"2011-11-30";FALSE;"2011";"Stanford"
"NCT01562132";"2013-09-30";TRUE;"2013";"UCSF"
"NCT01564485";"2008-07-31";FALSE;"2008";"UCI"
"NCT01576055";"2012-04-30";TRUE;"2012";NA
"NCT01596751";"2012-07-12";TRUE;"2012";"UCSF"
"NCT01601626";"2013-07-13";TRUE;"2013";"UCSD"
"NCT01608295";"2012-07-31";TRUE;"2012";"UCLA"
"NCT01619982";"2012-02-29";FALSE;"2012";"Stanford"
"NCT01624194";"2012-06-30";TRUE;"2012";"Stanford"
"NCT01624948";"2012-09-30";TRUE;"2012";"UCSF"
"NCT01625013";"2011-11-30";FALSE;"2011";"UCSF"
"NCT01631331";"2012-06-30";TRUE;"2012";"Stanford"
"NCT01637402";"2013-03-13";TRUE;"2013";"UCSF"
"NCT01638559";"2012-08-14";TRUE;"2012";"UCSF"
"NCT01643382";"2012-08-31";TRUE;"2012";"UCSF"
"NCT01647945";"2012-07-31";TRUE;"2012";"Stanford"
"NCT01657461";"2012-12-31";TRUE;"2012";"UCLA"
"NCT01663012";"2012-07-31";FALSE;"2012";"Stanford"
"NCT01664559";"2012-07-31";TRUE;"2012";"UCSD"
"NCT01672723";"2012-10-31";TRUE;"2012";"UCLA"
"NCT01673828";"2013-04-30";TRUE;"2013";"UCD"
"NCT01676714";"2013-02-28";TRUE;"2013";"UCD"
"NCT01687673";"2012-10-05";TRUE;"2012";"UCSF"
"NCT01693250";"2015-04-30";TRUE;"2015";"UCSF"
"NCT01694121";"2013-03-31";TRUE;"2013";"UCSD"
"NCT01694433";"2013-02-28";TRUE;"2013";"UCLA"
"NCT01695473";"2013-04-23";TRUE;"2013";"UCSF"
"NCT01696214";"2012-10-31";TRUE;"2012";"UCSD"
"NCT01699178";"2012-08-31";FALSE;"2012";"UCLA"
"NCT01699789";"2009-01-31";FALSE;"2009";"UCLA"
"NCT01702246";"2012-02-29";FALSE;"2012";"UCSF"
"NCT01709474";"2013-06-30";TRUE;"2013";"UCSF"
"NCT01714310";"2013-01-31";TRUE;"2013";"UCLA"
"NCT01716195";"2012-10-31";TRUE;"2012";"UCD"
"NCT01717859";"2014-09-30";TRUE;"2014";"UCLA"
"NCT01719861";"2012-10-31";TRUE;"2012";"Stanford"
"NCT01720667";"2013-03-31";TRUE;"2013";"UCSD"
"NCT01721603";"2013-04-30";TRUE;"2013";"UCSF"
"NCT02897557";"2016-09-30";TRUE;"2016";"Stanford"
"NCT01723384";"2013-05-31";TRUE;"2013";"UCSF"
"NCT02654743";"2016-01-31";TRUE;"2016";"UCSF"
"NCT01734850";"2013-04-30";TRUE;"2013";"UCLA"
"NCT01736085";"2013-04-30";TRUE;"2013";"UCSD"
"NCT01737593";"2012-11-30";TRUE;"2012";"UCLA"
"NCT00467220";"2007-04-30";TRUE;"2007";"UCSF"
"NCT01750268";"2012-11-30";TRUE;"2012";"UCSF"
"NCT00472095";"2007-06-30";TRUE;"2007";"UCSF"
"NCT01879826";"2013-07-31";TRUE;"2013";"UCSF"
"NCT01766713";"2013-01-31";TRUE;"2013";"UCSD"
"NCT01769209";"2013-03-31";TRUE;"2013";"Stanford"
"NCT01769222";"2013-02-28";TRUE;"2013";"Stanford"
"NCT01769326";"2012-09-30";FALSE;"2012";"UCI"
"NCT01771666";"2012-07-31";FALSE;"2012";"Stanford"
"NCT01771731";"2014-08-31";TRUE;"2014";"UCSF"
"NCT01775722";"2012-12-31";FALSE;"2012";"UCI"
"NCT01778855";"2013-02-28";TRUE;"2013";"UCLA"
"NCT01781806";"2013-05-31";TRUE;"2013";"UCLA"
"NCT01781975";"2014-01-31";TRUE;"2014";"UCSF"
"NCT01784419";"2013-10-31";TRUE;"2013";"UCSF"
"NCT01787331";"2013-10-29";TRUE;"2013";"UCSF"
"NCT01882985";"2010-12-31";FALSE;"2010";"UCI"
"NCT01802073";"2012-01-31";FALSE;"2012";"Stanford"
"NCT01802216";"2014-02-28";TRUE;"2014";"UCSF"
"NCT01806675";"2013-03-04";TRUE;"2013";"Stanford"
"NCT01807598";"2013-09-30";TRUE;"2013";"Stanford"
"NCT01811355";"2013-05-31";TRUE;"2013";"UCD"
"NCT01810289";"2013-04-30";TRUE;"2013";"UCSF"
"NCT03457545";"2015-12-11";FALSE;"2015";"UCSF"
"NCT01812837";"2012-07-31";FALSE;"2012";"UCD"
"NCT01898403";"2013-06-30";FALSE;"2013";"Stanford"
"NCT01823341";"2013-05-31";TRUE;"2013";"Stanford"
"NCT01823679";"2013-03-31";TRUE;"2013";"Stanford"
"NCT01792648";"2013-04-30";TRUE;"2013";"UCSF"
"NCT01827462";"2007-10-31";FALSE;"2007";"Stanford"
"NCT01828593";"2013-04-30";TRUE;"2013";"UCD"
"NCT01829347";"2014-04-30";TRUE;"2014";"UCSD"
"NCT01829516";"2013-05-31";TRUE;"2013";"UCSF"
"NCT01890265";"2013-07-30";TRUE;"2013";"UCD, UCLA"
"NCT02410629";"2015-03-31";FALSE;"2015";"UCI"
"NCT01913340";"2013-09-30";TRUE;"2013";"UCSF"
"NCT01928030";"2013-12-31";TRUE;"2013";"Stanford"
"NCT02342678";"2015-01-31";TRUE;"2015";"UCSF"
"NCT01930435";"2013-07-31";FALSE;"2013";"UCSF"
"NCT01932060";"2013-08-31";TRUE;"2013";"Stanford"
"NCT02642666";"2015-12-31";TRUE;"2015";"UCD"
"NCT01941927";"2013-09-10";TRUE;"2013";"UCSF"
"NCT01945112";"2014-02-28";TRUE;"2014";"Stanford"
"NCT01946282";"2013-11-30";TRUE;"2013";"UCSD"
"NCT01949116";"2014-01-31";TRUE;"2014";"UCLA"
"NCT01954082";"2014-04-17";TRUE;"2014";"Stanford, UCLA"
"NCT01192776";"2010-09-30";TRUE;"2010";"Stanford, UCLA"
"NCT01958320";"2013-12-31";TRUE;"2013";"UCSF"
"NCT01960257";"2013-10-25";TRUE;"2013";"UCSD"
"NCT01962870";"2013-12-31";TRUE;"2013";"Stanford"
"NCT02344316";"2015-05-31";TRUE;"2015";"UCSF"
"NCT01963403";"2013-12-31";TRUE;"2013";"UCD"
"NCT02640079";"2016-01-31";TRUE;"2016";"UCLA"
"NCT01965002";"2014-05-31";TRUE;"2014";"Stanford"
"NCT02344745";"2014-10-31";FALSE;"2014";"USC"
"NCT01970007";"2013-12-13";TRUE;"2013";"Stanford"
"NCT01975090";"2014-09-30";TRUE;"2014";"Stanford"
"NCT01977677";"2014-11-30";TRUE;"2014";"Stanford"
"NCT01977690";"2013-10-31";TRUE;"2013";"Stanford"
"NCT02347488";"2015-02-28";TRUE;"2015";"UCLA"
"NCT01981863";"2013-07-31";FALSE;"2013";"Stanford"
"NCT01982643";"2013-11-30";TRUE;"2013";"UCLA"
"NCT01982968";"2013-12-31";TRUE;"2013";"UCSF"
"NCT01983930";"2013-09-30";FALSE;"2013";"UCLA"
"NCT01987609";"2015-07-31";TRUE;"2015";"UCSD"
"NCT01990313";"2013-10-31";FALSE;"2013";"Stanford"
"NCT02001064";"2013-10-31";FALSE;"2013";"UCSD"
"NCT02006108";"2012-11-27";FALSE;"2012";"Stanford"
"NCT02008773";"2014-03-26";TRUE;"2014";"UCLA"
"NCT02009046";"2011-09-30";FALSE;"2011";"USC"
"NCT00556907";"2007-10-31";FALSE;"2007";"USC"
"NCT02010697";"2013-12-31";TRUE;"2013";"UCSD"
"NCT02012491";"2014-01-31";TRUE;"2014";"UCD"
"NCT02019069";"2014-02-03";TRUE;"2014";"Stanford"
"NCT02020408";"2011-05-31";FALSE;"2011";"UCSD"
"NCT02020863";"2012-11-30";FALSE;"2012";"UCI"
"NCT02354092";"2015-04-02";TRUE;"2015";"UCSD"
"NCT02023918";"2014-01-31";TRUE;"2014";"UCSF"
"NCT02026011";"2013-12-31";TRUE;"2013";"UCLA"
"NCT02030405";"2014-03-31";TRUE;"2014";"Stanford"
"NCT02035202";"2013-10-31";TRUE;"2013";"UCSD"
"NCT02037438";"2014-01-31";TRUE;"2014";"Stanford"
"NCT02358135";"2015-02-02";TRUE;"2015";"USC"
"NCT02040298";"2014-01-31";TRUE;"2014";"UCSF"
"NCT02040805";"2014-02-28";TRUE;"2014";"UCSF"
"NCT03446729";"2014-01-02";FALSE;"2014";"UCSD"
"NCT00574769";"2010-02-17";TRUE;"2010";"USC"
"NCT02635074";"2016-11-30";TRUE;"2016";"Stanford"
"NCT00575679";"2008-01-31";TRUE;"2008";"UCD"
"NCT02046200";"2014-02-28";TRUE;"2014";"UCLA"
"NCT02047643";"2014-03-12";TRUE;"2014";"Stanford"
"NCT02048826";"2013-11-30";FALSE;"2013";"UCI"
"NCT02049944";"2013-08-31";FALSE;"2013";"UCI"
"NCT01801046";"2013-03-06";TRUE;"2013";"USC"
"NCT02070237";"2013-08-31";FALSE;"2013";"UCI"
"NCT02072941";"2014-09-30";TRUE;"2014";"UCSF"
"NCT00593931";"1999-05-31";FALSE;"1999";"UCD"
"NCT02075658";"2003-01-31";FALSE;"2003";"UCI"
"NCT02078713";"2014-10-31";TRUE;"2014";"UCSF"
"NCT00598169";"2007-11-30";FALSE;"2007";"UCSD"
"NCT02085980";"2014-03-31";TRUE;"2014";"Stanford"
"NCT02086110";"2014-06-06";TRUE;"2014";"UCD"
"NCT02366767";"2014-06-30";TRUE;"2014";"Stanford"
"NCT02367430";"2013-01-31";FALSE;"2013";"Stanford"
"NCT01832064";"2013-06-30";TRUE;"2013";"Stanford"
"NCT02090075";"2014-09-30";TRUE;"2014";"UCLA"
"NCT02368691";"2015-06-30";TRUE;"2015";"UCSF"
"NCT02091921";"2014-02-16";FALSE;"2014";"USC"
"NCT02093962";"2014-06-30";TRUE;"2014";"UCLA"
"NCT02094664";"2014-01-31";FALSE;"2014";"UCSF"
"NCT02095106";"2014-04-30";TRUE;"2014";"UCLA"
"NCT02097641";"2014-03-15";TRUE;"2014";"UCSF"
"NCT03421158";"2014-11-07";FALSE;"2014";"Stanford"
"NCT02107196";"2014-03-31";FALSE;"2014";"UCLA"
"NCT02108821";"2014-03-31";TRUE;"2014";"Stanford"
"NCT02110238";"2014-03-31";FALSE;"2014";"Stanford"
"NCT02111980";"2014-03-31";FALSE;"2014";"UCSD"
"NCT02111993";"2011-08-31";FALSE;"2011";"UCSD"
"NCT02116621";"2014-07-31";TRUE;"2014";"UCD"
"NCT02120027";"2014-02-28";FALSE;"2014";"UCLA"
"NCT02120781";"2014-03-31";TRUE;"2014";"UCLA"
"NCT02377063";"2015-04-30";TRUE;"2015";"UCLA"
"NCT02127892";"2007-01-02";FALSE;"2007";"USC"
"NCT01806701";"2013-04-30";TRUE;"2013";"Stanford"
"NCT02136498";"2014-10-31";TRUE;"2014";"UCD"
"NCT01002222";"2011-01-31";TRUE;"2011";"UCLA"
"NCT01002417";"2010-07-31";TRUE;"2010";"UCLA"
"NCT02141555";"2014-08-31";TRUE;"2014";"UCSD"
"NCT02141581";"2011-08-31";FALSE;"2011";"Stanford"
"NCT02143024";"2015-11-01";TRUE;"2015";"UCD"
"NCT02145247";"2014-05-31";TRUE;"2014";"UCSD"
"NCT02147301";"2014-12-17";TRUE;"2014";"UCSF"
"NCT01808352";"2013-08-31";TRUE;"2013";"UCLA"
"NCT01808664";"2013-04-30";TRUE;"2013";"UCD"
"NCT02415608";"2015-03-31";TRUE;"2015";"Stanford"
"NCT00655239";"2008-06-30";TRUE;"2008";"UCSF"
"NCT02158949";"2014-05-01";FALSE;"2014";"USC"
"NCT02790476";"2017-01-27";TRUE;"2017";"USC"
"NCT02160002";"2015-02-28";TRUE;"2015";"Stanford, UCLA"
"NCT01811329";"2013-08-31";TRUE;"2013";"UCD"
"NCT00669656";"2008-07-06";TRUE;"2008";"USC"
"NCT02381392";"2014-08-31";FALSE;"2014";"UCLA"
"NCT01815814";"2011-11-30";FALSE;"2011";"Stanford"
"NCT02175745";"2014-12-31";TRUE;"2014";"Stanford"
"NCT02178800";"2015-02-28";TRUE;"2015";"UCLA"
"NCT02178995";"2014-08-31";TRUE;"2014";"Stanford"
"NCT01819987";"2014-01-31";TRUE;"2014";"UCSF"
"NCT02384200";"2015-03-31";TRUE;"2015";"UCSD"
"NCT00694889";"2007-08-31";FALSE;"2007";"UCD, UCSF"
"NCT01821443";"2012-12-31";FALSE;"2012";"UCSF"
"NCT02417233";"2014-10-31";FALSE;"2014";"UCSF"
"NCT01823458";"2012-04-30";FALSE;"2012";"USC"
"NCT01823978";"2013-04-30";TRUE;"2013";"UCSF"
"NCT01841307";"2015-07-31";TRUE;"2015";"UCSF"
"NCT00720733";"2008-09-30";TRUE;"2008";"UCSF"
"NCT02192684";"2010-09-30";FALSE;"2010";"Stanford"
"NCT01825681";"2013-10-31";TRUE;"2013";"UCSF"
"NCT01826305";"2014-07-31";TRUE;"2014";"UCSF"
"NCT01826591";"2013-01-31";FALSE;"2013";"Stanford"
"NCT03354000";"2015-08-01";FALSE;"2015";"UCSF"
"NCT02620488";"2015-09-30";FALSE;"2015";"UCLA"
"NCT00730314";"2008-08-31";TRUE;"2008";"USC"
"NCT01841463";"2013-08-31";TRUE;"2013";"UCSF"
"NCT00734682";"2008-08-31";TRUE;"2008";"UCSF"
"NCT00739921";"2006-06-30";FALSE;"2006";"UCSF"
"NCT00748761";"2008-06-30";FALSE;"2008";"UCLA"
"NCT02199028";"2014-07-31";TRUE;"2014";"Stanford"
"NCT02202031";"2014-09-30";TRUE;"2014";"UCSF"
"NCT02203565";"2014-07-31";TRUE;"2014";"Stanford"
"NCT01834287";"2011-12-31";FALSE;"2011";"UCSD"
"NCT02205307";"2015-01-31";TRUE;"2015";"UCI"
"NCT02206776";"2014-09-30";TRUE;"2014";"Stanford"
"NCT02210286";"2014-07-31";FALSE;"2014";"Stanford"
"NCT02213510";"2014-08-31";TRUE;"2014";"UCSD"
"NCT02215161";"2014-09-02";TRUE;"2014";"UCSF"
"NCT02217436";"2014-04-30";FALSE;"2014";"UCSD"
"NCT02219308";"2014-10-31";TRUE;"2014";"UCSD"
"NCT00771862";"2008-10-31";TRUE;"2008";"UCSD"
"NCT02227316";"2014-08-31";TRUE;"2014";"UCLA"
"NCT02230566";"2014-12-31";TRUE;"2014";"UCSF"
"NCT03327831";"2015-04-30";FALSE;"2015";"UCI"
"NCT02233478";"2014-08-31";TRUE;"2014";"UCLA"
"NCT00800722";"2008-11-30";FALSE;"2008";"UCI"
"NCT02234284";"2014-11-12";TRUE;"2014";"UCSF"
"NCT00810160";"2009-06-30";TRUE;"2009";"UCD"
"NCT01835665";"2013-03-31";TRUE;"2013";"UCSF"
"NCT02244957";"2014-09-30";TRUE;"2014";"UCSD"
"NCT00830466";"2008-12-31";FALSE;"2008";"UCI"
"NCT02251236";"2016-01-31";TRUE;"2016";"UCSD"
"NCT02254772";"2014-09-30";TRUE;"2014";"Stanford"
"NCT02613676";"2015-08-31";FALSE;"2015";"Stanford"
"NCT00852358";"2009-06-30";TRUE;"2009";"UCLA"
"NCT02395653";"2015-06-29";TRUE;"2015";"Stanford"
"NCT02257970";"2009-03-31";FALSE;"2009";"Stanford"
"NCT00860145";"2009-09-30";TRUE;"2009";"UCSD, UCSF, USC"
"NCT02259699";"2014-12-31";TRUE;"2014";"UCI"
"NCT02264353";"2014-09-30";TRUE;"2014";"UCSD"
"NCT02397408";"2015-04-09";TRUE;"2015";"UCSF"
"NCT02613052";"2016-01-31";TRUE;"2016";"UCSD"
"NCT02266576";"2015-06-30";TRUE;"2015";"Stanford"
"NCT00871299";"2009-09-30";TRUE;"2009";"UCSF"
"NCT02267629";"2014-10-31";TRUE;"2014";"Stanford"
"NCT02268994";"2014-10-31";TRUE;"2014";"Stanford"
"NCT00879151";"2009-01-31";FALSE;"2009";"Stanford"
"NCT01837147";"2013-04-30";TRUE;"2013";"UCSD"
"NCT02272725";"2015-03-31";TRUE;"2015";"Stanford"
"NCT00888498";"2009-01-31";FALSE;"2009";"USC"
"NCT03303456";"2014-12-14";FALSE;"2014";"UCD"
"NCT00895258";"2008-04-30";FALSE;"2008";"UCSD"
"NCT03303027";"2016-04-27";FALSE;"2016";"UCD"
"NCT03303014";"2015-10-13";FALSE;"2015";"UCD"
"NCT03302988";"2015-10-13";FALSE;"2015";"UCD"
"NCT02278939";"2014-11-30";TRUE;"2014";"UCSF"
"NCT02279043";"2015-10-31";TRUE;"2015";"UCSF"
"NCT00996528";"2007-09-30";FALSE;"2007";"UCLA"
"NCT02280863";"2014-07-31";TRUE;"2014";"Stanford"
"NCT02282293";"2014-12-09";TRUE;"2014";"UCSF"
"NCT02290184";"2014-11-01";TRUE;"2014";"UCSF"
"NCT00926146";"2009-07-31";TRUE;"2009";"UCLA"
"NCT00928226";"2009-04-30";FALSE;"2009";"Stanford"
"NCT02610400";"2016-02-29";TRUE;"2016";"UCSF"
"NCT02303041";"2015-02-28";TRUE;"2015";"Stanford"
"NCT00944281";"2010-05-31";TRUE;"2010";"UCD"
"NCT00946673";"2009-06-30";FALSE;"2009";"Stanford"
"NCT00947206";"2009-09-30";TRUE;"2009";"UCSF"
"NCT02307552";"2013-06-30";FALSE;"2013";"UCI"
"NCT02310789";"2015-07-31";TRUE;"2015";"Stanford"
"NCT02312882";"2014-12-31";TRUE;"2014";"Stanford"
"NCT02320812";"2015-06-30";TRUE;"2015";"UCI"
"NCT02321930";"2016-02-16";TRUE;"2016";"UCLA"
"NCT02324075";"2014-12-31";TRUE;"2014";"Stanford"
"NCT02330627";"2014-04-30";FALSE;"2014";"UCSD"
"NCT03275662";"2016-08-29";FALSE;"2016";"Stanford"
"NCT02606981";"2015-07-31";FALSE;"2015";"Stanford"
"NCT02605850";"2016-01-31";TRUE;"2016";"UCLA"
"NCT02408965";"2015-03-31";TRUE;"2015";"UCSF"
"NCT01008566";"2009-08-31";FALSE;"2009";"UCD"
"NCT01010386";"2010-03-31";TRUE;"2010";"UCSF"
"NCT02598518";"2015-07-31";FALSE;"2015";"Stanford"
"NCT01018407";"2009-12-31";TRUE;"2009";"UCLA"
"NCT01019850";"2010-03-31";TRUE;"2010";"UCSF"
"NCT02597777";"2016-01-31";TRUE;"2016";"UCD"
"NCT02423447";"2013-11-30";FALSE;"2013";"Stanford"
"NCT02424097";"2013-05-31";FALSE;"2013";"UCSF"
"NCT01034514";"2009-12-31";TRUE;"2009";"Stanford"
"NCT02594969";"2014-01-31";FALSE;"2014";"UCD"
"NCT02428309";"2015-08-27";TRUE;"2015";"UCSF"
"NCT01040897";"2010-04-28";TRUE;"2010";"Stanford"
"NCT02429778";"2015-05-31";TRUE;"2015";"Stanford"
"NCT02593253";"2016-02-29";TRUE;"2016";"UCSF"
"NCT01046773";"2010-01-31";TRUE;"2010";"UCLA"
"NCT01844414";"2010-02-28";FALSE;"2010";"UCLA"
"NCT01051037";"2010-02-08";TRUE;"2010";"UCLA"
"NCT02591381";"2015-10-31";TRUE;"2015";"UCSF"
"NCT02436889";"2016-02-29";TRUE;"2016";"UCSF"
"NCT02437253";"2015-05-31";TRUE;"2015";"UCLA"
"NCT02440308";"2015-04-30";FALSE;"2015";"Stanford"
"NCT02440789";"2015-12-21";TRUE;"2015";"UCSF"
"NCT01076829";"2009-07-31";FALSE;"2009";"UCLA"
"NCT01079247";"2010-02-28";TRUE;"2010";"UCD"
"NCT02444793";"2015-05-31";TRUE;"2015";"UCSD"
"NCT02445196";"2014-02-28";FALSE;"2014";"Stanford"
"NCT01090245";"2010-04-30";TRUE;"2010";"UCLA"
"NCT01094587";"2009-11-30";FALSE;"2009";"Stanford"
"NCT01302405";"2011-02-28";TRUE;"2011";"USC"
"NCT01103531";"2010-03-31";TRUE;"2010";"UCLA"
"NCT01103921";"2008-10-31";FALSE;"2008";"UCD"
"NCT01108055";"2010-04-30";TRUE;"2010";"Stanford"
"NCT01112839";"2010-05-31";TRUE;"2010";"UCSD"
"NCT02585336";"2015-07-28";FALSE;"2015";"UCSF"
"NCT01114282";"2010-08-31";TRUE;"2010";"Stanford"
"NCT01122329";"2010-10-31";TRUE;"2010";"UCLA"
"NCT01123005";"2010-12-31";TRUE;"2010";"Stanford"
"NCT02578602";"2010-10-31";FALSE;"2010";"USC"
"NCT02577575";"2010-08-31";FALSE;"2010";"UCSF"
"NCT02576288";"2016-01-31";TRUE;"2016";"USC"
"NCT01138553";"2010-06-30";TRUE;"2010";"UCSD"
"NCT01140282";"2012-05-21";TRUE;"2012";"USC"
"NCT01856777";"2013-06-30";TRUE;"2013";"Stanford"
"NCT01857752";"2012-03-31";FALSE;"2012";"Stanford"
"NCT02569060";"2015-10-31";TRUE;"2015";"UCSF"
"NCT02568709";"2012-02-29";FALSE;"2012";"UCSF"
"NCT02567448";"2015-07-01";FALSE;"2015";"UCSD"
"NCT01867177";"2013-06-30";TRUE;"2013";"UCSD"
"NCT01867944";"2013-06-30";TRUE;"2013";"UCLA"
"NCT02566356";"2012-09-30";FALSE;"2012";"UCSF"
"NCT02566278";"2015-10-20";TRUE;"2015";"UCSD"
"NCT01869179";"2013-02-28";TRUE;"2013";"UCSF"
"NCT01869543";"2012-07-31";FALSE;"2012";"UCD"
"NCT02470741";"2015-07-31";TRUE;"2015";"UCSF"
"NCT01873248";"2013-08-26";TRUE;"2013";"UCLA"
"NCT01874977";"2013-11-30";TRUE;"2013";"UCSF"
"NCT01306539";"2008-07-31";FALSE;"2008";"UCSD"
"NCT01876602";"2011-04-30";FALSE;"2011";"UCI"
"NCT01877330";"2013-01-31";TRUE;"2013";"UCSF"
"NCT02473614";"2015-03-31";FALSE;"2015";"UCI"
"NCT01153919";"2010-06-30";TRUE;"2010";"USC"
"NCT02475837";"2015-08-26";TRUE;"2015";"Stanford"
"NCT01882998";"2013-02-28";FALSE;"2013";"UCSF"
"NCT01883791";"2013-03-31";TRUE;"2013";"UCLA"
"NCT01884233";"2012-12-31";FALSE;"2012";"UCLA"
"NCT01156584";"2010-07-31";TRUE;"2010";"UCSF"
"NCT01885728";"2013-07-31";TRUE;"2013";"Stanford"
"NCT01158508";"2010-04-30";FALSE;"2010";"UCLA"
"NCT02480166";"2015-06-30";TRUE;"2015";"Stanford"
"NCT02553824";"2015-10-30";TRUE;"2015";"Stanford"
"NCT01888835";"2013-08-31";TRUE;"2013";"UCSF"
"NCT01889368";"2012-11-30";TRUE;"2012";"UCD"
"NCT01893892";"2014-03-31";TRUE;"2014";"Stanford"
"NCT01893996";"2013-07-31";TRUE;"2013";"UCSF"
"NCT01307683";"2011-08-31";TRUE;"2011";"UCSF"
"NCT02550574";"2015-08-31";FALSE;"2015";"UCD"
"NCT01900301";"2013-08-31";TRUE;"2013";"UCLA"
"NCT02550561";"2015-06-30";FALSE;"2015";"UCI"
"NCT01899378";"2013-10-31";TRUE;"2013";"Stanford"
"NCT01900613";"2011-04-30";FALSE;"2011";"UCD"
"NCT02690948";"2016-02-01";TRUE;"2016";"Stanford"
"NCT01906424";"2016-04-30";TRUE;"2016";"UCLA"
"NCT01904643";"2014-02-28";TRUE;"2014";"Stanford"
"NCT01904890";"2012-03-31";FALSE;"2012";"UCSF"
"NCT01164163";"2010-09-30";TRUE;"2010";"UCSF"
"NCT02488070";"2015-06-30";TRUE;"2015";"Stanford"
"NCT02488915";"2015-11-30";TRUE;"2015";"UCLA"
"NCT02547077";"2015-07-31";FALSE;"2015";"UCD"
"NCT02489279";"2015-06-30";TRUE;"2015";"UCLA"
"NCT01907945";"2012-10-31";FALSE;"2012";"UCSF"
"NCT01908166";"2014-01-31";TRUE;"2014";"Stanford"
"NCT01909440";"2013-07-08";TRUE;"2013";"USC"
"NCT01911039";"2013-07-31";TRUE;"2013";"Stanford"
"NCT02544867";"2013-09-30";FALSE;"2013";"UCSD"
"NCT02067156";"2014-02-28";TRUE;"2014";"UCSD"
"NCT01171586";"2010-05-31";FALSE;"2010";"UCSD"
"NCT02495883";"2013-12-31";TRUE;"2013";"UCSD"
"NCT01917994";"2013-08-31";TRUE;"2013";"UCSF"
"NCT01919502";"2013-10-31";TRUE;"2013";"Stanford"
"NCT01919736";"2013-09-30";TRUE;"2013";"UCSF"
"NCT01922206";"2013-03-31";FALSE;"2013";"UCLA"
"NCT01176396";"2012-04-30";TRUE;"2012";"UCSF"
"NCT01308775";"2011-01-31";FALSE;"2011";"UCSF"
"NCT01923337";"2013-08-31";TRUE;"2013";"UCD"
"NCT01925248";"2013-07-31";TRUE;"2013";"UCD"
"NCT02067884";"2013-12-19";FALSE;"2013";"USC"
"NCT01181245";"2008-12-31";FALSE;"2008";"Stanford"
"NCT01931553";"2013-09-30";TRUE;"2013";"UCSF"
"NCT02502019";"2015-08-31";TRUE;"2015";"USC"
"NCT01936441";"2013-11-30";TRUE;"2013";"UCSD"
"NCT02536950";"2015-08-31";TRUE;"2015";"Stanford"
"NCT01937936";"2013-09-30";TRUE;"2013";"UCLA"
"NCT02535767";"2015-08-31";TRUE;"2015";"UCSF"
"NCT01938807";"2013-10-31";TRUE;"2013";"UCSF"
"NCT02535455";"2015-08-01";TRUE;"2015";"UCSF"
"NCT02504827";"2015-09-30";TRUE;"2015";"USC"
"NCT01939704";"2013-10-31";TRUE;"2013";"UCSF"
"NCT01188486";"2010-08-31";TRUE;"2010";"Stanford"
"NCT02508259";"2015-05-31";FALSE;"2015";"UCSD"
"NCT01942811";"2013-02-28";FALSE;"2013";"UCLA"
"NCT01943188";"2014-05-31";TRUE;"2014";"Stanford"
"NCT01943357";"2013-09-30";TRUE;"2013";"Stanford"
"NCT01944904";"2013-09-30";TRUE;"2013";"UCLA"
"NCT02512419";"2015-07-31";TRUE;"2015";"UCSD"
"NCT02513121";"2015-07-31";TRUE;"2015";"UCSD"
"NCT02513771";"2015-09-30";TRUE;"2015";"USC"
"NCT02514889";"2015-07-01";TRUE;"2015";"UCLA"
"NCT01197443";"2010-11-30";TRUE;"2010";"UCSD"
"NCT02373657";"2014-04-30";FALSE;"2014";"UCSF"
"NCT02516202";"2016-04-30";TRUE;"2016";"UCSD"
"NCT01198418";"2010-07-09";FALSE;"2010";"UCSD"
"NCT02256865";"2014-10-31";TRUE;"2014";"UCLA"
"NCT02373254";"2015-01-31";FALSE;"2015";"UCD"
"NCT01200043";"2010-07-31";FALSE;"2010";"UCSF"
"NCT02524106";"2016-08-31";TRUE;"2016";"UCSF"
"NCT02533726";"2015-08-31";TRUE;"2015";"Stanford"
"NCT02371525";"2015-04-30";TRUE;"2015";"UCSF"
"NCT02539797";"2014-10-31";FALSE;"2014";"UCLA"
"NCT02774161";"2016-05-31";TRUE;"2016";"Stanford"
"NCT01219647";"2010-07-31";FALSE;"2010";"UCLA"
"NCT01220336";"2011-04-30";TRUE;"2011";"UCSF"
"NCT01221220";"2010-09-30";FALSE;"2010";"Stanford"
"NCT02078895";"2014-02-28";TRUE;"2014";"UCI"
"NCT02370264";"2012-10-01";FALSE;"2012";"USC"
"NCT01229696";"2010-10-31";TRUE;"2010";"UCSD"
"NCT02529176";"2016-12-31";TRUE;"2016";"UCSF"
"NCT01235767";"2011-01-31";TRUE;"2011";"UCSF"
"NCT02077998";"2015-05-31";TRUE;"2015";"UCD"
"NCT01238965";"2010-10-31";FALSE;"2010";"USC"
"NCT01240629";"2010-11-02";TRUE;"2010";"USC"
"NCT02508441";"2015-12-08";TRUE;"2015";"UCSF"
"NCT02071264";"2013-08-31";FALSE;"2013";"UCSD"
"NCT02501889";"2015-08-31";TRUE;"2015";"UCSD"
"NCT01249014";"2013-11-01";TRUE;"2013";"Stanford"
"NCT01949285";"2015-06-30";TRUE;"2015";"UCLA"
"NCT02494661";"2014-10-31";FALSE;"2014";"USC"
"NCT02494024";"2015-07-31";TRUE;"2015";"UCSF"
"NCT02491190";"2015-08-31";TRUE;"2015";"UCSF"
"NCT02582515";"2015-10-31";TRUE;"2015";"UCLA"
"NCT01957995";"2013-11-08";TRUE;"2013";"USC"
"NCT01958541";"2013-03-31";FALSE;"2013";"Stanford"
"NCT01959126";"2013-05-31";FALSE;"2013";"UCSF"
"NCT02079142";"2012-04-30";FALSE;"2012";"Stanford"
"NCT01967992";"2013-10-31";TRUE;"2013";"UCSF"
"NCT01964820";"2014-07-31";TRUE;"2014";"UCSF"
"NCT01965743";"2014-04-30";TRUE;"2014";"UCSF"
"NCT02586415";"2016-04-30";TRUE;"2016";"Stanford"
"NCT01966679";"2013-10-31";TRUE;"2013";"UCLA"
"NCT02485756";"2013-06-30";FALSE;"2013";"UCSD"
"NCT01256229";"2009-09-30";FALSE;"2009";"Stanford"
"NCT01979497";"2013-08-31";FALSE;"2013";"UCD"
"NCT01979874";"2014-02-28";TRUE;"2014";"UCSF"
"NCT01983384";"2015-07-31";TRUE;"2015";"UCSF"
"NCT01987375";"2015-11-30";TRUE;"2015";"Stanford"
"NCT01988194";"2013-11-30";TRUE;"2013";"UCSF"
"NCT01988610";"2013-10-31";FALSE;"2013";"Stanford"
"NCT01988623";"2012-09-11";FALSE;"2012";"Stanford"
"NCT01988714";"2009-09-30";FALSE;"2009";"UCSF"
"NCT01990235";"2013-01-31";FALSE;"2013";"UCSF"
"NCT01261299";"2010-12-31";TRUE;"2010";"UCD"
"NCT01993069";"2013-10-31";TRUE;"2013";"UCLA"
"NCT01997008";"2014-05-31";TRUE;"2014";"UCSF"
"NCT01999816";"2008-09-30";FALSE;"2008";"USC"
"NCT02472379";"2015-10-31";TRUE;"2015";"UCLA"
"NCT01264627";"2011-02-01";TRUE;"2011";"UCSF"
"NCT02007707";"2014-04-30";TRUE;"2014";"UCSF"
"NCT02470936";"2015-06-30";TRUE;"2015";"UCSF"
"NCT02698735";"2016-02-25";TRUE;"2016";"USC"
"NCT02699125";"2015-01-31";FALSE;"2015";"UCSD"
"NCT02075190";"2014-02-28";TRUE;"2014";"Stanford"
"NCT02017158";"2011-09-30";FALSE;"2011";"USC"
"NCT02467036";"2014-01-31";FALSE;"2014";"UCSD"
"NCT02021214";"2014-03-31";TRUE;"2014";"UCSD"
"NCT02022345";"2010-08-31";FALSE;"2010";"UCD"
"NCT02465983";"2015-05-31";TRUE;"2015";"UCSF"
"NCT02464111";"2015-05-31";TRUE;"2015";NA
"NCT02025998";"2013-12-31";TRUE;"2013";"UCLA"
"NCT02026037";"2013-04-30";FALSE;"2013";"USC"
"NCT02026544";"2014-01-28";TRUE;"2014";"UCSF"
"NCT02028533";"2014-07-31";TRUE;"2014";"UCSF"
"NCT02031718";"2014-01-31";TRUE;"2014";"UCD"
"NCT02460731";"2015-05-31";TRUE;"2015";"UCSF"
"NCT02034071";"2014-04-30";TRUE;"2014";"UCI"
"NCT02459873";"2015-06-30";TRUE;"2015";"USC"
"NCT02458898";"2015-02-28";FALSE;"2015";"Stanford"
"NCT02457988";"2015-04-30";TRUE;"2015";"UCLA"
"NCT02457338";"2014-11-30";FALSE;"2014";"UCD"
"NCT02036658";"2011-03-31";FALSE;"2011";"Stanford"
"NCT02037022";"2013-12-04";FALSE;"2013";"Stanford"
"NCT01270217";"2010-12-31";FALSE;"2010";"UCD"
"NCT01270230";"2011-02-28";TRUE;"2011";"UCSF"
"NCT02452216";"2015-06-10";TRUE;"2015";"Stanford"
"NCT02451345";"2015-03-25";FALSE;"2015";"UCSF"
"NCT02450201";"2016-10-12";TRUE;"2016";"UCSF"
"NCT02447159";"2015-08-31";TRUE;"2015";"UCSF"
"NCT02445638";"2015-05-31";TRUE;"2015";"UCD"
"NCT02042157";"2015-01-01";TRUE;"2015";"Stanford"
"NCT02442960";"2014-12-31";FALSE;"2014";"Stanford"
"NCT02438878";"2015-03-31";FALSE;"2015";"UCD"
"NCT02438189";"2015-06-30";TRUE;"2015";"Stanford"
"NCT02436460";"2015-05-31";TRUE;"2015";"Stanford"
"NCT02435225";"2014-05-31";TRUE;"2014";"Stanford"
"NCT02433691";"2015-01-31";FALSE;"2015";"UCLA, UCSD"
"NCT02589067";"2015-10-31";TRUE;"2015";"UCLA"
"NCT02429804";"2015-04-30";TRUE;"2015";"Stanford"
"NCT02046928";"2014-02-28";TRUE;"2014";"UCSD"
"NCT02701387";"2014-08-31";FALSE;"2014";"UCLA"
"NCT02049801";"2014-12-31";TRUE;"2014";"Stanford"
"NCT02423720";"2015-04-28";TRUE;"2015";"UCSF"
"NCT02420561";"2010-10-31";FALSE;"2010";"UCSF"
"NCT02394054";"2015-01-31";TRUE;"2015";"UCLA"
"NCT02054364";"2013-11-30";FALSE;"2013";"Stanford"
"NCT02410980";"2015-08-31";TRUE;"2015";"UCI"
"NCT02393443";"2015-01-31";TRUE;"2015";"UCLA"
"NCT02057991";"2014-01-07";FALSE;"2014";"USC"
"NCT02400177";"2015-03-31";TRUE;"2015";"Stanford"
"NCT02396576";"2015-04-07";TRUE;"2015";"UCLA"
"NCT02393456";"2015-01-31";TRUE;"2015";"UCLA"
"NCT01280838";"2011-01-31";TRUE;"2011";"UCSD"
"NCT02059382";"2013-08-31";FALSE;"2013";"UCSF"
"NCT02594644";"2014-11-06";FALSE;"2014";"UCD"
"NCT02596750";"2014-01-31";FALSE;"2014";"UCD"
"NCT01282736";"2010-06-30";FALSE;"2010";"Stanford"
"NCT02597543";"2015-11-30";TRUE;"2015";"Stanford"
"NCT02599194";"2015-07-31";FALSE;"2015";"Stanford"
"NCT02601105";"2014-10-31";FALSE;"2014";"UCD"
"NCT02603926";"2015-10-31";FALSE;"2015";"UCD"
"NCT02604173";"2016-08-31";TRUE;"2016";"Stanford"
"NCT02605187";"2015-11-30";TRUE;"2015";"Stanford"
"NCT02605304";"2016-02-17";TRUE;"2016";"UCSF"
"NCT02611882";"2015-12-18";TRUE;"2015";"UCSF"
"NCT01287936";"2011-01-31";TRUE;"2011";"Stanford"
"NCT02623855";"2015-07-31";FALSE;"2015";"UCSF"
"NCT02626611";"2015-12-31";TRUE;"2015";"Stanford"
"NCT02383186";"2014-05-28";FALSE;"2014";"UCD"
"NCT02078739";"2013-06-30";FALSE;"2013";"UCSF"
"NCT02062853";"2012-11-30";FALSE;"2012";"UCD"
"NCT02062866";"2013-04-30";FALSE;"2013";"UCD"
"NCT02639884";"2015-12-31";TRUE;"2015";"Stanford"
"NCT02641249";"2014-10-31";FALSE;"2014";"UCLA"
"NCT02643862";"2015-03-18";FALSE;"2015";"Stanford"
"NCT02644122";"2016-11-30";TRUE;"2016";"UCSD"
"NCT02650466";"2013-12-31";FALSE;"2013";"USC"
"NCT02653456";"2016-04-07";TRUE;"2016";"UCSD"
"NCT02662023";"2016-02-29";TRUE;"2016";"UCSD"
"NCT02662244";"2015-09-30";TRUE;"2015";"UCSD"
"NCT02670343";"2016-01-31";TRUE;"2016";"UCLA"
"NCT02672176";"2016-02-29";TRUE;"2016";"UCD"
"NCT02682498";"2013-10-31";FALSE;"2013";"UCI"
"NCT02360449";"2015-01-31";FALSE;"2015";"Stanford"
"NCT02358915";"2015-02-28";TRUE;"2015";"USC"
"NCT02736578";"2016-07-31";TRUE;"2016";"Stanford"
"NCT02341027";"2015-01-31";TRUE;"2015";"UCSF"
"NCT02330744";"2014-07-31";FALSE;"2014";"UCSD"
"NCT02327559";"2011-10-31";FALSE;"2011";"UCSF"
"NCT02327637";"2014-12-31";TRUE;"2014";"UCSD"
"NCT02008396";"2014-02-28";TRUE;"2014";"UCLA"
"NCT01324973";"2012-03-31";TRUE;"2012";"UCLA"
"NCT02083744";"2013-06-30";FALSE;"2013";"UCSF"
"NCT01336842";"2011-04-30";TRUE;"2011";"UCD"
"NCT02084316";"2014-03-31";TRUE;"2014";"UCLA"
"NCT01340950";"2010-07-31";FALSE;"2010";"UCSD"
"NCT02084979";"2014-04-30";TRUE;"2014";"UCD"
"NCT01963780";"2013-11-30";TRUE;"2013";"UCLA"
"NCT02086123";"2012-05-31";FALSE;"2012";"UCI"
"NCT01630434";"2011-11-30";FALSE;"2011";"UCLA"
"NCT02738203";"2016-06-01";TRUE;"2016";"Stanford"
"NCT02745353";"2016-05-31";TRUE;"2016";"UCSD"
"NCT00033631";"2002-03-31";FALSE;"2002";NA
"NCT01350011";"2011-04-01";FALSE;"2011";"UCSF"
"NCT02844543";"2016-01-31";FALSE;"2016";"Stanford"
"NCT02852434";"2016-07-31";TRUE;"2016";"Stanford"
"NCT02855086";"2016-10-31";TRUE;"2016";"Stanford"
"NCT01351220";"2010-07-31";FALSE;"2010";"UCLA"
"NCT02879994";"2016-09-15";TRUE;"2016";"UCLA"
"NCT02902913";"2015-01-31";FALSE;"2015";"UCD"
"NCT02910037";"2016-06-01";FALSE;"2016";"UCSF"
"NCT02918357";"2016-09-15";TRUE;"2016";"UCSF"
"NCT02094768";"2014-04-30";TRUE;"2014";"UCSF"
"NCT02921386";"2016-10-31";TRUE;"2016";"UCLA"
"NCT02928770";"2015-02-28";FALSE;"2015";"Stanford"
"NCT02933476";"2016-05-31";FALSE;"2016";"Stanford"
"NCT02459847";"2014-08-31";FALSE;"2014";"USC"
"NCT00183820";"2004-11-30";FALSE;"2004";"USC"
"NCT01359982";"2011-09-30";TRUE;"2011";"UCSD"
"NCT01360203";"2011-10-31";TRUE;"2011";"UCLA"
"NCT01368510";"2011-07-31";TRUE;"2011";"UCLA"
"NCT01382069";"2012-03-31";TRUE;"2012";"UCLA"
"NCT02096757";"2014-06-30";TRUE;"2014";"UCSF"
"NCT02970162";"2016-11-30";TRUE;"2016";"UCLA"
"NCT02988193";"2015-12-31";FALSE;"2015";"UCSF"
"NCT02106702";"2010-02-28";FALSE;"2010";"UCSF"
"NCT02753101";"2016-02-09";FALSE;"2016";"Stanford"
"NCT01396941";"2011-05-31";FALSE;"2011";"UCSF"
"NCT03023709";"2015-09-30";FALSE;"2015";"Stanford"
"NCT03028974";"2014-09-17";FALSE;"2014";"Stanford"
"NCT03028987";"2014-11-19";FALSE;"2014";"Stanford"
"NCT03040154";"2016-06-30";FALSE;"2016";"USC"
"NCT03040466";"2014-08-31";FALSE;"2014";"UCSF"
"NCT03043885";"2015-01-05";FALSE;"2015";"UCSF"
"NCT03049280";"2017-04-17";TRUE;"2017";"Stanford"
"NCT03076190";"2015-08-31";FALSE;"2015";"Stanford"
"NCT03104816";"2016-10-31";FALSE;"2016";"USC"
"NCT03125629";"2014-05-27";FALSE;"2014";"Stanford"
"NCT03158012";"2016-04-30";FALSE;"2016";"UCSD"
"NCT02482233";"2015-08-31";TRUE;"2015";"UCSF"
"NCT02104466";"2015-03-31";TRUE;"2015";"UCSF"
"NCT02104700";"2014-04-30";TRUE;"2014";"Stanford"
"NCT02190578";"2014-07-31";TRUE;"2014";"USC"
"NCT02105779";"2009-12-31";FALSE;"2009";"UCSF"
"NCT02106767";"2014-11-30";TRUE;"2014";"UCSF"
"NCT01398046";"2011-08-31";TRUE;"2011";"UCSF"
"NCT02109601";"2013-11-30";FALSE;"2013";"UCSF"
"NCT01404247";"2011-01-31";FALSE;"2011";"UCLA"
"NCT01404520";"2011-06-30";TRUE;"2011";"UCSF"
"NCT01406626";"2012-12-31";TRUE;"2012";"UCLA"
"NCT01406808";"2011-08-31";TRUE;"2011";"Stanford"
"NCT00185796";"2004-07-31";FALSE;"2004";"Stanford"
"NCT02890875";"2016-08-31";TRUE;"2016";"Stanford"
"NCT01409642";"2008-01-31";FALSE;"2008";"UCLA"
"NCT03253874";"2014-10-31";FALSE;"2014";"UCLA"
"NCT01410838";"2011-08-31";TRUE;"2011";"UCD"
"NCT02114918";"2013-04-30";FALSE;"2013";"UCLA"
"NCT01415206";"2011-08-31";TRUE;"2011";"Stanford, UCSF"
"NCT02120989";"2014-05-31";TRUE;"2014";"UCSD"
"NCT02122068";"2014-04-30";TRUE;"2014";"UCLA, UCSF"
"NCT01423266";"2009-12-31";FALSE;"2009";"UCI"
"NCT02124252";"2016-01-31";TRUE;"2016";"UCSF"
"NCT01424007";"2011-12-31";TRUE;"2011";"UCSD"
"NCT01536509";"2012-02-29";TRUE;"2012";"UCSF"
"NCT02125773";"2014-02-19";FALSE;"2014";"UCSD"
"NCT02125942";"2014-04-30";TRUE;"2014";"UCLA, UCSF"
"NCT02126007";"2014-10-31";TRUE;"2014";"UCSF"
"NCT01426542";"2011-03-31";FALSE;"2011";"UCD"
"NCT01427855";"2012-01-31";TRUE;"2012";"UCSF"
"NCT01431885";"2011-08-31";TRUE;"2011";"UCSF"
"NCT01438320";"2011-07-31";FALSE;"2011";"UCLA"
"NCT02129153";"2014-09-01";TRUE;"2014";"UCLA"
"NCT01444183";"2012-01-31";TRUE;"2012";"UCSF"
"NCT02129790";"2014-01-31";FALSE;"2014";"UCLA"
"NCT01457066";"2012-12-31";TRUE;"2012";"UCLA"
"NCT01462422";"2011-12-31";TRUE;"2011";"UCSF"
"NCT01463046";"2012-01-31";TRUE;"2012";"UCSF"
"NCT02136212";"2013-04-30";FALSE;"2013";"UCSD"
"NCT01465607";"2011-11-30";TRUE;"2011";"UCSD"
"NCT01466998";"2012-01-31";TRUE;"2012";"UCSF"
"NCT02139462";"2015-05-31";TRUE;"2015";"Stanford, UCSF"
"NCT02139722";"2014-01-02";FALSE;"2014";"UCSF"
"NCT01468753";"2012-03-31";TRUE;"2012";"UCSF"
"NCT01469338";"2012-07-31";TRUE;"2012";"USC"
"NCT01470794";"2012-02-29";TRUE;"2012";"UCLA"
"NCT02140983";"2013-08-31";FALSE;"2013";"Stanford"
"NCT02141828";"2014-05-31";TRUE;"2014";"UCSF"
"NCT01474382";"2012-02-29";TRUE;"2012";"UCSF"
"NCT01540318";"2012-02-29";TRUE;"2012";"UCD"
"NCT02142452";"2014-03-31";FALSE;"2014";"Stanford"
"NCT01479634";"2011-10-31";FALSE;"2011";"UCSF"
"NCT02143011";"2014-04-30";FALSE;"2014";"UCD"
"NCT01483391";"2011-10-06";FALSE;"2011";"Stanford, UCLA"
"NCT01488123";"2012-01-31";TRUE;"2012";"UCSF"
"NCT02145884";"2014-05-31";TRUE;"2014";"UCSD"
"NCT01495780";"2012-01-31";TRUE;"2012";"UCLA"
"NCT02147860";"2014-05-31";TRUE;"2014";"Stanford"
"NCT01507558";"2010-12-31";FALSE;"2010";"UCSF"
"NCT01507948";"2010-09-30";FALSE;"2010";"Stanford"
"NCT02155400";"2014-08-31";TRUE;"2014";"Stanford"
"NCT01542918";"2012-12-17";TRUE;"2012";"UCSF"
"NCT01516411";"2010-10-31";FALSE;"2010";"Stanford"
"NCT02158390";"2014-06-30";TRUE;"2014";"UCLA"
"NCT01518465";"2012-01-09";TRUE;"2012";"USC"
"NCT02166762";"2013-05-31";FALSE;"2013";"UCSD"
"NCT02171962";"2014-06-30";TRUE;"2014";"Stanford"
"NCT02194049";"2014-07-31";TRUE;"2014";"UCD"
"NCT01523223";"2012-01-31";TRUE;"2012";"Stanford"
"NCT02181062";"2014-10-31";TRUE;"2014";"UCLA"
"NCT02181114";"2014-05-31";FALSE;"2014";"UCLA"
"NCT02181881";"2014-05-31";FALSE;"2014";"UCSF"
"NCT01528020";"2012-01-31";FALSE;"2012";"UCLA"
"NCT01529437";"2005-01-31";FALSE;"2005";"Stanford"
"NCT02183844";"2014-06-16";TRUE;"2014";"UCLA"
"NCT02183909";"2013-05-31";FALSE;"2013";"UCSF"
"NCT02898844";"2013-10-31";FALSE;"2013";"UCLA"
"NCT02188875";"2013-01-31";FALSE;"2013";"UCSD, UCSF"
"NCT02723357";"2016-03-31";TRUE;"2016";"UCLA"
"NCT01557608";"2012-04-30";TRUE;"2012";"UCSF"
"NCT01564381";"2012-03-31";TRUE;"2012";"UCD"
"NCT02197338";"2016-04-30";TRUE;"2016";"USC"
"NCT01571817";"2012-04-30";TRUE;"2012";"UCSF"
"NCT02199171";"2014-07-31";TRUE;"2014";"UCI"
"NCT01625819";"2010-08-31";FALSE;"2010";"UCSD"
"NCT01579682";"2011-09-30";FALSE;"2011";"Stanford"
"NCT02205671";"2014-08-31";TRUE;"2014";"Stanford"
"NCT02207036";"2014-10-31";TRUE;"2014";"UCSF"
"NCT01581996";"2012-03-31";FALSE;"2012";"UCLA"
"NCT04626219";"2009-02-28";TRUE;"2009";"UCSD"
"NCT01591148";"2011-01-31";FALSE;"2011";"Stanford"
"NCT01592682";"2012-04-30";TRUE;"2012";"UCD"
"NCT01593397";"2011-11-30";FALSE;"2011";"Stanford"
"NCT01593943";"2012-03-31";FALSE;"2012";"UCSD"
"NCT02214641";"2014-10-31";TRUE;"2014";"USC"
"NCT01594918";"2012-06-30";TRUE;"2012";"UCSF"
"NCT02221167";"2014-07-31";FALSE;"2014";"UCSF"
"NCT02224976";"2014-01-31";FALSE;"2014";"UCD"
"NCT01627366";"2012-08-31";TRUE;"2012";"UCLA"
"NCT02244801";"2015-04-30";TRUE;"2015";"UCSF"
"NCT01627392";"2012-07-31";TRUE;"2012";"UCSF"
"NCT01602536";"2012-01-31";FALSE;"2012";"UCI"
"NCT01602575";"2013-01-31";TRUE;"2013";"UCLA"
"NCT02233582";"2014-09-30";TRUE;"2014";"UCSF"
"NCT01606657";"2010-08-31";FALSE;"2010";"UCSF"
"NCT04757935";"2017-01-01";FALSE;"2017";"Stanford"
"NCT04710095";"2015-11-13";FALSE;"2015";"UCLA"
"NCT02238951";"2013-12-31";FALSE;"2013";"UCD"
"NCT02122354";"2014-04-30";TRUE;"2014";"USC"
"NCT01614652";"2012-12-31";TRUE;"2012";"USC"
"NCT01615042";"2012-08-31";TRUE;"2012";"UCD"
"NCT04598100";"2014-04-03";FALSE;"2014";"UCLA"
"NCT02241226";"2014-09-30";TRUE;"2014";"UCSD, UCSF"
"NCT01617291";"2013-03-31";TRUE;"2013";"UCSF"
"NCT01618552";"2013-04-30";TRUE;"2013";"UCD"
"NCT02242890";"2015-02-28";TRUE;"2015";"UCSF"
"NCT02603471";"2014-07-31";TRUE;"2014";"UCLA"
"NCT02254356";"2012-05-31";FALSE;"2012";"Stanford"
"NCT02254902";"2014-09-30";TRUE;"2014";"UCSD"
"NCT02256592";"2014-10-31";TRUE;"2014";"UCSF"
"NCT02257203";"2014-10-31";TRUE;"2014";"UCSF"
"NCT02258425";"2015-01-31";TRUE;"2015";"UCI, UCLA"
"NCT02258776";"2015-10-31";TRUE;"2015";"UCLA"
"NCT02261740";"2014-10-31";TRUE;"2014";"UCSF"
"NCT02262962";"2005-06-30";FALSE;"2005";"UCLA"
"NCT02265120";"2014-10-31";TRUE;"2014";"USC"
"NCT02267070";"2013-11-30";TRUE;"2013";"UCLA"
"NCT02268682";"2014-07-31";FALSE;"2014";"UCLA"
"NCT02277327";"2014-11-30";TRUE;"2014";"UCLA"
"NCT02280395";"2014-10-31";TRUE;"2014";"UCSD"
"NCT02289859";"2014-05-31";FALSE;"2014";"UCD"
"NCT02290665";"2015-01-30";TRUE;"2015";"Stanford"
"NCT02290938";"2014-07-31";TRUE;"2014";"UCLA"
"NCT02302963";"2015-06-30";TRUE;"2015";"Stanford"
"NCT02303626";"2014-11-30";TRUE;"2014";"UCSD"
"NCT02304848";"2012-10-31";FALSE;"2012";"Stanford"
"NCT02306980";"2013-10-31";FALSE;"2013";"UCD"
"NCT02313181";"2015-01-07";TRUE;"2015";"UCSF"
"NCT02315690";"2015-09-30";TRUE;"2015";"UCSF"
"NCT02323893";"2015-02-28";TRUE;"2015";"UCSF"
"NCT02318732";"2015-02-28";TRUE;"2015";"UCD"
"NCT01957748";"2013-10-08";TRUE;"2013";"UCLA, UCSD"
"NCT02819050";"2014-01-31";FALSE;"2014";"UCLA"
"NCT02952365";"2016-10-01";TRUE;"2016";"Stanford"
"NCT00812708";"2003-04-09";FALSE;"2003";"UCLA"
"NCT04522635";"2015-06-03";FALSE;"2015";"UCSD"
"NCT01391949";"2011-07-31";TRUE;"2011";"UCLA"
"NCT00074152";"2002-07-31";FALSE;"2002";"Stanford"
"NCT00023595";"2002-01-31";TRUE;"2002";"USC"
"NCT04296266";"2016-02-29";FALSE;"2016";"Stanford"
"NCT04176237";"2014-01-01";FALSE;"2014";"USC"
"NCT04155229";"2016-10-03";FALSE;"2016";"UCSF"
"NCT00004259";"2000-06-30";TRUE;"2000";"UCSF"
"NCT03199716";"2014-09-30";FALSE;"2014";"UCD"
"NCT03194620";"2016-08-31";FALSE;"2016";"UCD"
"NCT03191929";"2011-08-31";FALSE;"2011";"UCI"
"NCT03184337";"2017-04-24";FALSE;"2017";"UCSF"
"NCT00221338";"2006-01-31";TRUE;"2006";"UCSF"
"NCT00970866";"2009-11-30";TRUE;"2009";"UCD"
"NCT00114530";"2005-06-30";TRUE;"2005";"UCLA"
"NCT03115372";"2012-02-29";FALSE;"2012";"UCSF"
"NCT03115385";"2015-05-30";FALSE;"2015";"USC"
"NCT03113526";"2015-12-01";FALSE;"2015";"UCSF"
"NCT00134056";"2006-08-31";TRUE;"2006";"UCD, USC"
"NCT03483896";"2017-01-30";FALSE;"2017";"USC"
"NCT00140413";"2004-12-31";FALSE;"2004";"USC"
"NCT03676803";"2017-08-03";FALSE;"2017";"UCLA"
"NCT03206216";"2017-08-04";TRUE;"2017";"Stanford"
"NCT03061279";"2017-04-01";TRUE;"2017";"Stanford"
"NCT02877732";"2016-07-31";FALSE;"2016";"Stanford"
"NCT02757547";"2015-09-30";FALSE;"2015";"Stanford"
"NCT02672033";"2015-09-01";FALSE;"2015";"UCLA"
"NCT02634606";"2011-03-22";FALSE;"2011";"UCLA"
"NCT02605824";"2016-03-31";TRUE;"2016";"UCSF"
"NCT02317276";"2014-12-31";TRUE;"2014";"UCSF"
"NCT02294981";"2016-01-31";TRUE;"2016";"UCSF"
"NCT02270684";"2015-05-31";TRUE;"2015";"USC"
"NCT02170298";"2014-02-28";FALSE;"2014";"UCD"
"NCT02177773";"2014-06-23";TRUE;"2014";"UCSF"
"NCT03066791";"2016-11-30";TRUE;"2016";"UCD"
"NCT03065504";"2016-11-30";TRUE;"2016";"UCD"
"NCT03064906";"2017-03-18";TRUE;"2017";"Stanford"
"NCT03064724";"2012-08-31";FALSE;"2012";"UCSF"
"NCT03048786";"2017-02-06";TRUE;"2017";"UCSF"
"NCT03041103";"2017-01-31";TRUE;"2017";"UCD"
"NCT03037658";"2013-09-30";FALSE;"2013";"Stanford"
"NCT01895959";"2013-08-31";TRUE;"2013";"UCSF"
"NCT03002883";"2014-09-30";FALSE;"2014";"UCD"
"NCT02994602";"2017-01-31";TRUE;"2017";"UCLA"
"NCT01641601";"2012-07-31";TRUE;"2012";"UCSF"
"NCT02986945";"2016-12-01";TRUE;"2016";"UCLA"
"NCT01614067";"2012-05-31";TRUE;"2012";"UCSF"
"NCT02971241";"2015-10-31";FALSE;"2015";"USC"
"NCT02967380";"2011-12-14";FALSE;"2011";"USC"
"NCT02966054";"2014-08-31";FALSE;"2014";"UCSF"
"NCT02953158";"2017-01-03";TRUE;"2017";"UCLA"
"NCT02947477";"2016-10-31";TRUE;"2016";"UCSF"
"NCT01545648";"2012-11-01";TRUE;"2012";"UCSF"
"NCT01510756";"2011-12-31";FALSE;"2011";"UCSD"
"NCT01472692";"2011-10-31";FALSE;"2011";"UCSD"
"NCT01397695";"2009-06-30";FALSE;"2009";"UCSD"
"NCT01313923";"2011-02-28";FALSE;"2011";"UCI"
"NCT01211756";"2010-10-31";TRUE;"2010";"UCSD"
"NCT01165450";"2011-11-30";TRUE;"2011";"UCSF"
"NCT01110174";"2010-03-31";FALSE;"2010";"UCD"
"NCT02938650";"2016-10-31";TRUE;"2016";"UCD"
"NCT00795665";"2008-06-30";FALSE;"2008";"UCD"
"NCT00104923";"2005-02-28";FALSE;"2005";"USC"
"NCT00610467";"2006-10-01";FALSE;"2006";"UCI"
"NCT00506909";"2008-03-31";TRUE;"2008";"UCSD"
"NCT01780636";"2013-01-31";TRUE;"2013";"UCI"
"NCT00183872";"2005-04-14";FALSE;"2005";"USC"
"NCT00185640";"2003-03-31";FALSE;"2003";"Stanford"
"NCT00186069";"2004-03-31";FALSE;"2004";"Stanford"
"NCT00265850";"2005-11-30";FALSE;"2005";"UCSF"
"NCT00296296";"2005-06-30";FALSE;"2005";"Stanford"
"NCT00313729";"1999-05-31";FALSE;"1999";"UCSF"
"NCT00355056";"2006-01-31";FALSE;"2006";"UCLA"
